Numero de catalogacao(HIP),Ascensao  reta(alpha),Declinacao (delta),Magnitude visual(V),Real ID(HIP)
122,0.39937928,-77.06529438,4.78,122
154,0.48996506,-6.01397169,4.37,154
301,0.93488487,-17.33597002,4.55,301
355,1.1255098,-10.50949443,4.99,355
443,1.33394073,-5.70783255,4.61,443
677,2.09653333,29.09082805,2.07,677
746,2.29204036,59.15021814,2.28,746
765,2.35224949,-45.74698836,3.88,765
910,2.81628415,-15.46732287,4.89,910
1067,3.30895828,15.18361593,2.83,1067
1168,3.65045047,20.2066972,4.79,1168
1170,3.66013628,-18.93268628,4.44,1170
1366,4.27306518,38.68167915,4.61,1366
1473,4.58210555,36.7853273,4.51,1473
1562,4.85701265,-8.82382948,3.56,1562
1599,5.00797581,-64.8776232,4.23,1599
2021,6.41334183,-77.25503511,2.82,2021
2072,6.55048418,-43.67990933,3.93,2072
2081,6.57028075,-42.30512197,2.4,2081
2210,6.98213606,-33.0070446,4.86,2210
2472,7.85356695,-48.80356171,4.76,2472
2484,7.88566992,-62.95808549,4.36,2484
2487,7.88898014,-62.96544985,4.53,2487
2505,7.94299136,54.52232473,4.74,2505
2599,8.24994391,62.93178781,4.17,2599
2912,9.22016239,33.71935227,4.34,2912
2920,9.24277921,53.89693161,3.69,2920
3031,9.63958024,29.312369,4.34,3031
3092,9.83165567,30.86122579,3.27,3092
3179,10.12661349,56.53740928,2.24,3179
3245,10.33156671,-46.08500934,4.59,3245
3300,10.51618425,50.51254151,4.8,3300
3405,10.83851683,-57.46309763,4.36,3405
3414,10.8670447,47.02463657,4.95,3414
3419,10.89678452,-17.9866841,2.04,3419
3455,11.04752272,-10.60927365,4.77,3455
3504,11.18125882,48.28438262,4.48,3504
3693,11.83495908,24.26737703,4.08,3693
3786,12.17039736,7.58520186,4.44,3786
3801,12.20830552,50.96819154,4.9,3801
3821,12.27125262,57.8165477,3.46,3821
3881,12.45345723,41.07895474,4.53,3881
4147,13.25204382,-1.1442206,4.78,4147
4151,13.26783051,61.12355735,4.8,4151
4292,13.75080422,58.97279657,4.83,4292
4422,14.16671042,59.18116582,4.62,4422
4427,14.17708808,60.71674966,2.15,4427
4436,14.18790699,38.49925513,3.86,4436
4463,14.30178237,23.41775997,4.4,4463
4577,14.65144118,-29.35746436,4.3,4577
4906,15.73606615,7.89007256,4.27,4906
5165,16.52127713,-46.71849042,3.32,5165
5348,17.0960837,-55.24583235,3.94,5348
5364,17.14693197,-10.181928,3.46,5364
5372,17.18399735,86.25711803,4.24,5372
5434,17.37550908,47.2418241,4.26,5434
5447,17.43248991,35.62083048,2.07,5447
5542,17.77471116,55.14994765,4.34,5542
5571,17.86330901,21.03467568,4.66,5571
5586,17.91494471,30.08972962,4.51,5586
5742,18.43723014,24.58376482,4.67,5742
5862,18.79403213,-45.53209717,4.97,5862
5896,18.93956391,-68.87623708,4.25,5896
6193,19.86657455,27.26408682,4.74,6193
6242,20.02049027,58.2316161,4.95,6242
6411,20.58497087,45.5287566,4.87,6411
6537,21.00604671,-8.18275372,3.6,6537
6670,21.40503869,-14.59875437,4.9,6670
6686,21.45251267,60.23540347,2.66,6686
6692,21.48293404,68.12994739,4.72,6692
6813,21.9128547,45.40695287,4.83,6813
6867,22.0914236,-43.31772906,3.41,6867
7007,22.54559597,6.14393314,4.84,7007
7083,22.81242306,-49.07307701,3.93,7083
7097,22.87080776,15.34583101,3.62,7097
7294,23.48302496,59.23209665,4.68,7294
7513,24.19990413,41.40638491,4.1,7513
7588,24.42813204,-57.23666007,0.45,7588
7607,24.49792651,48.62848641,3.59,7607
7818,25.14501739,40.57710624,4.96,7818
7884,25.35794814,5.48760445,4.45,7884
7918,25.44381547,42.61380692,4.96,7918
7999,25.68132047,-3.69011692,4.98,7999
8068,25.9150637,50.6887655,4.01,8068
8102,26.02136441,-15.93955597,3.49,8102
8198,26.34828629,9.15764102,4.26,8198
8497,27.39662961,-10.68618074,4.66,8497
8645,27.86504416,-10.33494526,3.74,8645
8796,28.27041595,29.57939727,3.42,8796
8832,28.38235506,19.29409264,3.88,8832
8833,28.38890233,3.18747844,4.61,8833
8837,28.41174872,-46.30244631,4.39,8837
8886,28.59868107,63.67014686,3.35,8886
8903,28.65978771,20.80829949,2.64,8903
8928,28.73339519,-67.64748114,4.68,8928
9007,28.98680207,-51.60958673,3.69,9007
9009,29.00001575,68.68526545,4.97,9009
9061,29.16732782,-22.52671153,4.92,9061
9095,29.29163705,-47.38529869,4.82,9095
9153,29.48239763,23.5960961,4.79,9153
9236,29.69113269,-61.56992444,2.86,9236
9347,30.0009367,-21.07777193,3.99,9347
9480,30.48979079,70.90704605,4.49,9480
9487,30.51166929,2.76376048,3.82,9487
9505,30.57530917,54.48754946,4.99,9505
9598,30.85912643,72.42123962,3.95,9598
9640,30.97466283,42.32984832,2.1,9640
9677,31.12262534,-29.29683966,4.68,9677
9884,31.79285757,23.46277743,2.01,9884
9977,32.12144102,37.85918337,4.78,9977
10053,32.35535861,25.93997268,4.98,10053
10064,32.38550383,34.98739204,3.0,10064
10280,33.09301632,30.30321507,4.94,10280
10324,33.25004577,8.8467523,4.36,10324
10340,33.30558667,44.23168903,4.84,10340
10602,34.12708452,-51.51211145,3.56,10602
10644,34.26007346,34.22482985,4.84,10644
10670,34.32848216,33.84732099,4.03,10670
11001,35.43759585,-68.6594239,4.08,11001
11313,36.40583743,50.27866588,4.73,11313
11345,36.48755111,-12.290452,4.88,11345
11407,36.74627081,-47.70382692,4.24,11407
11484,37.03965786,8.4600887,4.3,11484
11569,37.26661741,67.40238385,4.46,11569
11767,37.94614689,89.26413805,1.97,11767
11783,38.02198846,-15.2443199,4.74,11783
11918,38.4613017,-28.2323401,4.96,11918
12093,38.9687042,5.59330163,4.87,12093
12387,39.87061789,0.3285168,4.08,12387
12390,39.89054885,-11.87158159,4.83,12390
12394,39.8967653,-68.2669476,4.12,12394
12413,39.94966387,-42.89163328,4.74,12413
12486,40.16638213,-39.85530905,4.11,12486
12623,40.5622035,40.19438688,4.91,12623
12706,40.82551897,3.23617162,3.47,12706
12719,40.86296031,27.70717078,4.65,12719
12770,41.03064356,-13.85867594,4.24,12770
12777,41.04869991,49.22866639,4.1,12777
12828,41.23488901,10.11421979,4.27,12828
12843,41.27492276,-18.57265077,4.47,12843
12876,41.38555249,-67.616724,4.83,12876
13061,41.97683942,29.24742385,4.52,13061
13147,42.27233113,-32.40628403,4.45,13147
13209,42.49578911,27.26079044,3.61,13209
13244,42.6189035,-75.06688108,4.76,13244
13254,42.64547584,38.31890838,4.22,13254
13268,42.67413655,55.89552955,3.77,13268
13288,42.75977464,-21.0039789,4.76,13288
13328,42.87846216,35.05989415,4.56,13328
13531,43.564427,52.76248991,3.93,13531
13701,44.10668245,-8.89760976,3.89,13701
13847,44.5654818,-40.30473491,2.88,13847
13879,44.69021034,39.66282739,4.68,13879
13884,44.69902505,-64.07129717,4.98,13884
13905,44.7654574,35.18311415,4.94,13905
13914,44.80305773,21.34044477,4.63,13914
13954,44.92873469,8.90740111,4.71,13954
14135,45.56991279,4.08992539,2.54,14135
14146,45.59830468,-23.62433613,4.08,14146
14328,46.19912598,53.50645031,2.91,14328
14354,46.29373754,38.84053298,3.32,14354
14382,46.38510717,56.7055481,4.77,14382
14576,47.04220716,40.9556512,2.09,14576
14632,47.26201363,49.61350009,4.05,14632
14668,47.37345463,44.85788896,3.79,14668
14817,47.82250605,39.61157075,4.61,14817
14838,47.90695691,19.72669777,4.35,14838
14862,47.98432711,74.39386878,4.85,14862
14879,48.01783332,-28.98910623,3.8,14879
15110,48.72547816,21.04462873,4.87,15110
15197,48.95844499,-8.8198405,4.8,15197
15382,49.59206509,-22.51114978,4.86,15382
15416,49.68259978,34.2226737,4.85,15416
15457,49.83974536,3.36997055,4.84,15457
15474,49.87904033,-21.7579421,3.7,15474
15510,49.97177014,-43.07154929,4.26,15510
15520,49.99690314,65.65232717,4.74,15520
15549,50.08485949,29.04849835,4.47,15549
15648,50.36086309,43.32965174,4.96,15648
15863,51.08061889,49.86124281,1.79,15863
15900,51.20349011,9.02906504,3.61,15900
16083,51.79217049,9.7327724,3.73,16083
16147,52.01270885,49.06293148,4.99,16147
16228,52.26722684,59.94033461,4.21,16228
16244,52.34179296,49.50901919,4.67,16244
16245,52.34244352,-62.93843436,4.71,16245
16281,52.47810837,58.87875244,4.55,16281
16335,52.64367585,47.99517199,4.36,16335
16341,52.65437447,-5.07516332,4.74,16341
16369,52.71819576,12.93668186,4.14,16369
16537,53.23509009,-9.45830584,3.72,16537
16611,53.44686638,-21.63281597,4.26,16611
16826,54.12233383,48.19270068,4.32,16826
16852,54.21882896,0.40283316,4.29,16852
16870,54.2736588,-40.27451075,4.57,16870
17304,55.56207975,-31.93839587,4.99,17304
17313,55.59434812,33.96503899,4.97,17313
17351,55.70884185,-37.31334485,4.59,17351
17358,55.7311754,47.7876533,3.01,17358
17378,55.81231706,-9.76519868,3.52,17378
17440,56.04814541,-64.80709398,3.84,17440
17448,56.07969347,32.28827325,3.84,17448
17499,56.21884811,24.1134484,3.72,17499
17529,56.29851422,42.57854437,3.77,17529
17531,56.30200876,24.46737879,4.3,17531
17573,56.45663804,24.36785796,3.87,17573
17587,56.50971937,63.34506772,4.78,17587
17593,56.53542672,-12.1017353,4.43,17593
17608,56.58150135,23.94846207,4.14,17608
17651,56.71245432,-23.248438,4.22,17651
17678,56.80929799,-74.23924251,3.26,17678
17702,56.87110065,24.10524193,2.85,17702
17797,57.14926223,-37.62012878,4.3,17797
17847,57.29054669,24.05352412,3.62,17847
17874,57.36367035,-36.2001125,4.17,17874
17884,57.38035594,65.52600645,4.39,17884
17959,57.58948256,71.33236777,4.59,17959
18216,58.42784574,-24.61221253,4.64,18216
18246,58.53299363,31.88365776,2.84,18246
18255,58.57286091,-2.95473348,4.46,18255
18488,59.28455287,61.10891703,4.99,18488
18505,59.3559814,63.07224944,4.95,18505
18532,59.46342138,40.01027315,2.9,18532
18543,59.50720862,-13.50824471,2.97,18543
18597,59.68640623,-61.40015059,4.56,18597
18614,59.74124892,35.79102701,3.98,18614
18673,59.98115045,-24.01625677,4.62,18673
18724,60.17008591,12.49037571,3.41,18724
18744,60.2241876,-62.15936923,4.48,18744
18772,60.32529605,-61.07905148,4.97,18772
18907,60.78907003,5.98930909,3.91,18907
19038,61.17357446,22.0820679,4.36,19038
19167,61.64606374,50.35135022,4.25,19167
19343,62.16530527,47.71259359,3.96,19343
19515,62.71013758,-41.99374121,4.93,19515
19587,62.96638834,-6.8377787,4.04,19587
19740,63.48496228,9.26389844,4.84,19740
19747,63.5003388,-42.29387294,3.85,19747
19777,63.59872149,-10.2558889,4.87,19777
19780,63.60596306,-62.47397888,3.33,19780
19811,63.72212566,40.48372394,4.67,19811
19812,63.72440722,48.40937312,4.12,19812
19849,63.8234923,-7.64455846,4.43,19849
19860,63.88352173,8.89240989,4.27,19860
19893,64.00621426,-51.48709578,4.26,19893
19921,64.12118133,-59.30174841,4.44,19921
19990,64.31535896,20.57874033,4.93,19990
20042,64.47341068,-33.79833145,3.55,20042
20070,64.56073112,50.29563944,4.6,20070
20205,64.94805793,15.62770031,3.65,20205
20250,65.08847817,27.35094069,4.97,20250
20252,65.10273351,34.56674228,4.93,20252
20354,65.38811942,46.4989629,4.8,20354
20455,65.73344722,17.5425843,3.77,20455
20535,66.00902233,-34.01698632,3.97,20535
20542,66.02372401,17.44421161,4.8,20542
20635,66.34207825,22.29398098,4.21,20635
20648,66.37215593,17.92798917,4.3,20648
20711,66.57664484,22.81369394,4.28,20711
20713,66.58613217,15.6183462,4.48,20713
20732,66.65156991,14.71385764,4.69,20732
20877,67.10985479,16.35962902,4.96,20877
20885,67.14346805,15.96221721,3.84,20885
20889,67.15388879,19.18052092,3.53,20889
20894,67.16531219,15.8709468,3.4,20894
21029,67.63987124,16.19407556,4.78,21029
21139,67.96945612,-0.04399115,4.91,21139
21248,68.3776229,-29.76583186,4.49,21248
21273,68.46189659,14.84448749,4.65,21273
21281,68.49882684,-55.04500559,3.3,21281
21393,68.88779874,-30.56231049,3.81,21393
21402,68.91347315,10.16091706,4.25,21402
21421,68.98000195,16.50976164,0.87,21421
21444,69.07975243,-3.352448,3.93,21444
21476,69.17264013,41.26485467,4.25,21476
21589,69.53917371,12.51087423,4.27,21589
21594,69.54529558,-14.303587,3.86,21594
21644,69.72330721,-12.12307828,4.99,21644
21683,69.81854938,15.9180242,4.67,21683
21763,70.11039135,-19.67125686,4.32,21763
21770,70.14092957,-41.86357034,4.44,21770
21881,70.56126452,22.95697545,4.27,21881
22109,71.37558764,-3.25462465,4.01,22109
22449,72.45890935,6.96124744,3.19,22449
22453,72.47777728,37.48818131,4.89,22453
22509,72.65300943,8.90025258,4.35,22509
22549,72.80152507,5.60510146,3.68,22549
22667,73.13318214,14.25077828,4.71,22667
22678,73.15833005,36.70319636,4.79,22678
22701,73.2236682,-5.45275591,4.36,22701
22783,73.51254425,66.34266029,4.26,22783
22797,73.5628985,2.44067149,3.71,22797
22845,73.7237672,10.15114511,4.64,22845
22957,74.09300449,13.51457755,4.06,22957
23015,74.24840098,33.16613537,2.69,23015
23040,74.32175175,53.75208289,4.43,23040
23123,74.63709525,1.71403506,4.47,23123
23179,74.81406425,37.8904824,4.93,23179
23231,74.98213784,-12.5372045,4.78,23231
23362,75.35649111,-20.05188078,4.91,23362
23364,75.35977051,-7.17397802,4.8,23364
23416,75.49222507,43.82331397,3.03,23416
23453,75.61950025,41.07588953,3.69,23453
23497,75.77376699,21.5900617,4.62,23497
23522,75.854572,60.44228144,4.03,23522
23595,76.10129897,-35.48287057,4.55,23595
23607,76.1422432,15.40418059,4.65,23607
23685,76.36521705,-22.37085673,3.19,23685
23693,76.37787652,-57.47298928,4.71,23693
23767,76.62862102,41.23464074,3.18,23767
23783,76.66940952,51.59814314,4.98,23783
23835,76.86115023,18.64500711,4.91,23835
23875,76.96264146,-5.08626282,2.78,23875
23972,77.28659571,-8.75407607,4.25,23972
24010,77.42483084,15.59727157,4.81,24010
24244,78.07453075,-11.86914287,4.45,24244
24305,78.2328046,-16.20542901,3.29,24305
24327,78.30785422,-12.94128833,4.36,24327
24331,78.32283171,2.86125346,4.46,24331
24340,78.35721486,38.48467394,4.82,24340
24372,78.43927858,-67.18534976,4.81,24372
24436,78.63446353,-8.20163919,0.18,24436
24608,79.17206517,45.99902927,0.08,24608
24659,79.37093064,-34.89438961,4.81,24659
24674,79.40166225,-6.84438616,3.59,24674
24727,79.54395049,33.37200411,4.54,24727
24813,79.78365993,40.10066732,4.69,24813
24822,79.81912416,22.09669104,4.96,24822
24845,79.89385817,-13.17677698,4.29,24845
24927,80.11213225,-21.23973932,4.7,24927
25044,80.4406153,-0.38246922,4.72,25044
25142,80.7083388,3.54444809,4.99,25142
25247,80.98681839,-7.80795569,4.13,25247
25281,81.11923774,-2.39713844,3.35,25281
25302,81.18677704,1.84644611,4.89,25302
25336,81.28278416,6.34973451,1.64,25336
25428,81.57290804,28.60787346,1.65,25428
25473,81.70928405,3.09567718,4.59,25473
25539,81.9086835,21.93698219,4.88,25539
25606,82.06135971,-20.75923214,2.81,25606
25737,82.43325647,-1.09217557,4.71,25737
25813,82.69603301,5.94821792,4.2,25813
25859,82.8030645,-35.47043592,3.86,25859
25923,82.98275119,-7.30152625,4.62,25923
25930,83.00166562,-0.2990934,2.25,25930
25945,83.0531302,18.59424525,4.32,25945
25984,83.18197584,32.1920314,4.71,25984
25985,83.18255798,-17.82229227,2.58,25985
26069,83.40631813,-62.48985585,3.76,26069
26176,83.70515764,9.48958528,4.39,26176
26199,83.76117163,-6.00202867,4.78,26199
26207,83.78449043,9.93416294,3.39,26207
26220,83.81592896,-5.38731536,4.98,26220
26235,83.84541591,-5.41606331,4.98,26235
26237,83.84650694,-4.83834045,4.58,26237
26241,83.85825475,-5.90989984,2.75,26241
26311,84.05338572,-1.20191725,1.69,26311
26366,84.22637775,9.291412,4.09,26366
26451,84.41118447,21.14259299,2.97,26451
26549,84.68652211,-2.60006791,3.77,26549
26563,84.72121589,-7.21270844,4.77,26563
26594,84.79644123,4.12146667,4.5,26594
26634,84.91224975,-34.07404941,2.65,26634
26727,85.18968672,-1.94257841,1.74,26727
26736,85.21131577,-1.12878569,4.95,26736
26777,85.32381426,16.53418318,4.84,26777
26885,85.61943491,1.47466498,4.9,26885
27072,86.11656241,-22.44748663,3.59,27072
27100,86.19341279,-65.7355408,4.34,27100
27288,86.73895728,-14.82194717,3.55,27288
27321,86.82118054,-51.06671329,3.85,27321
27366,86.93911641,-9.66960186,2.07,27366
27468,87.25399777,24.56755473,4.88,27468
27483,87.29358126,39.18113322,4.51,27483
27511,87.38726446,12.65136584,4.89,27511
27530,87.45656999,-56.1664886,4.5,27530
27628,87.7398034,-35.76929225,3.12,27628
27639,87.7600428,37.30568175,4.72,27639
27654,87.82980343,-20.87751376,3.76,27654
27673,87.87246934,39.14847936,3.97,27673
27750,88.11017813,1.8551579,4.76,27750
27810,88.2786848,-33.8014395,4.88,27810
27830,88.33184814,27.61228536,4.56,27830
27890,88.52458376,-63.09102096,4.65,27890
27913,88.59618305,20.27641498,4.39,27913
27949,88.71160776,55.7069049,4.96,27949
27989,88.79287161,7.40703634,0.45,27989
28010,88.87454313,-37.12060931,4.97,28010
28103,89.10132627,-14.16803805,3.71,28103
28199,89.38421613,-35.28330688,4.36,28199
28237,89.49857371,25.95391597,4.81,28237
28328,89.78662719,-42.81510761,3.96,28328
28358,89.88145972,54.28498197,3.72,28358
28360,89.88237261,44.94743492,1.9,28360
28380,89.93015897,37.21276409,2.65,28380
28404,89.98375587,45.93675346,4.3,28404
28413,90.01393918,-3.07407681,4.53,28413
28574,90.46010757,-10.59793918,4.92,28574
28614,90.59579323,9.64736756,4.12,28614
28716,90.9799315,20.13845865,4.64,28716
28734,91.0300689,23.26363207,4.16,28734
28816,91.24638576,-16.48442713,4.92,28816
28910,91.53889172,-14.93528629,4.67,28910
29038,91.89300774,14.76852318,4.42,29038
29276,92.574638,-54.96866057,4.72,29276
29426,92.98498656,14.20881425,4.45,29426
29434,93.01365054,16.13044684,4.95,29434
29651,93.71390194,-6.27472737,3.99,29651
29655,93.71956952,22.50682376,3.31,29655
29696,93.84473576,29.49871224,4.32,29696
29807,94.13806399,-35.14073157,4.37,29807
29997,94.71158258,69.3200343,4.76,29997
30060,94.90579498,59.01090518,4.44,30060
30093,94.9983516,-2.94449028,4.91,30093
30122,95.07827982,-30.06337656,3.02,30122
30277,95.52852147,-33.43627251,3.85,30277
30324,95.6749475,-17.95591658,1.98,30324
30343,95.73996302,22.51385027,2.87,30343
30419,95.94207368,4.59283881,4.39,30419
30438,95.98787763,-52.69571799,-0.62,30438
30520,96.22459158,49.28789903,4.92,30520
30788,97.04257272,-32.58012947,4.47,30788
30867,97.20447548,-7.03305042,3.76,30867
30883,97.24079361,20.2121672,4.13,30883
31125,97.96403433,-23.41843727,4.34,31125
31216,98.22595658,7.33297921,4.47,31216
31407,98.74411397,-52.97563454,4.35,31407
31416,98.76408302,-22.96483318,4.54,31416
31592,99.17082883,-19.25570928,3.95,31592
31681,99.42792641,16.39941482,1.93,31681
31685,99.44029869,-43.19592394,3.17,31685
31700,99.47260802,-18.23745713,4.42,31700
31827,99.81965168,-14.14574673,4.82,31827
31832,99.83261264,42.48901214,4.8,31832
31978,100.24442101,9.89576021,4.66,31978
32246,100.98304088,25.13115531,3.06,32246
32249,100.99705857,13.22814319,4.49,32249
32349,101.28854105,-16.71314306,-1.44,32349
32362,101.3226398,12.89605513,3.35,32362
32438,101.55896951,59.44169108,4.86,32438
32533,101.83268467,8.03728277,4.77,32533
32578,101.96523679,2.41218914,4.48,32578
32607,102.04807134,-61.94197988,3.24,32607
32759,102.46027285,-32.50848752,3.5,32759
32761,102.46381712,-53.62249221,4.41,32761
32768,102.48390349,-50.61439973,2.94,32768
32844,102.69151315,41.78156548,4.99,32844
32855,102.71812209,-34.36732059,4.99,32855
33018,103.1972503,33.96136985,3.6,33018
33092,103.38712732,-20.22426366,4.82,33092
33152,103.53314518,-24.18422296,3.89,33152
33160,103.54783633,-12.03859273,4.08,33160
33202,103.66080771,13.17801628,4.73,33202
33302,103.90582904,-20.13659348,4.66,33302
33347,104.03427636,-17.05424675,4.36,33347
33357,104.0666214,-48.72116448,4.94,33357
33449,104.31916052,58.42305973,4.35,33449
33485,104.40468738,45.09410202,4.9,33485
33579,104.65644451,-28.97208931,1.5,33579
33694,105.0160332,76.97744152,4.55,33694
33856,105.42979876,-27.93484165,3.49,33856
33971,105.72824798,-4.23923814,4.99,33971
33977,105.75613986,-23.83330131,3.02,33977
34045,105.93955493,-15.63325876,4.11,34045
34059,105.97356647,-49.58425759,4.92,34059
34088,106.02723079,20.57029939,4.01,34088
34444,107.09785853,-26.39320776,1.83,34444
34481,107.18676883,-70.49919435,3.78,34481
34495,107.21281817,-39.65567374,4.83,34495
34622,107.55700787,-4.23763568,4.91,34622
34693,107.78496505,30.24528065,4.41,34693
34752,107.91371845,39.32054373,4.91,34752
34769,107.96608486,-0.49278056,4.15,34769
34834,108.14058722,-46.75956448,4.49,34834
34899,108.30571289,-45.18252474,4.87,34899
34922,108.38429537,-44.64052957,4.42,34922
34981,108.56340179,-26.35251617,4.42,34981
35020,108.65893526,-48.27192832,4.75,35020
35037,108.70275679,-26.77268601,4.01,35037
35205,109.14583928,-27.88127313,4.66,35205
35210,109.153487,-23.31560155,4.83,35210
35228,109.20762844,-67.95717248,3.97,35228
35264,109.28568399,-37.09748689,2.71,35264
35350,109.52336162,16.54047526,3.58,35350
35363,109.57667037,-36.7339666,4.65,35363
35412,109.66825335,-24.55870761,4.88,35412
35415,109.67703283,-24.95438447,4.37,35415
35550,110.0307889,21.98233941,3.5,35550
35727,110.55637515,-19.01658444,4.94,35727
35904,111.02377104,-29.30311979,2.45,35904
36041,111.41207798,9.27611835,4.99,36041
36046,111.43198371,27.79828561,3.78,36046
36145,111.67858726,49.21164489,4.61,36145
36188,111.78780121,8.28940893,2.89,36188
36284,112.04095607,8.92550376,4.33,36284
36366,112.27754045,31.78407932,4.16,36366
36377,112.3078263,-43.30189129,3.25,36377
36425,112.44909205,12.00661101,4.55,36425
36431,112.4642256,-23.02429924,4.85,36431
36514,112.67754202,-30.96228313,4.65,36514
36547,112.76866761,82.41156871,4.92,36547
36773,113.44986614,-14.52390109,4.82,36773
36795,113.51335813,-22.29618077,4.44,36795
36850,113.65001898,31.88863645,1.58,36850
36917,113.8455718,-28.36927798,4.65,36917
36942,113.91541745,-52.53380809,4.93,36942
36962,113.98071783,26.89600343,4.06,36962
37096,114.34216663,-34.96857044,4.53,37096
37173,114.57519746,-25.36478805,4.69,37173
37229,114.70783872,-26.8038924,3.8,37229
37265,114.79148501,34.58463287,4.89,37265
37279,114.82724194,5.22750767,0.4,37279
37297,114.86397492,-38.3080602,4.84,37297
37379,115.09671685,-15.26385208,4.98,37379
37447,115.31198612,-9.55108315,3.94,37447
37504,115.45498347,-72.60613528,3.93,37504
37609,115.751907,58.71048707,4.93,37609
37629,115.82785545,28.8840717,4.23,37629
37648,115.88498187,-28.41095714,4.63,37648
37677,115.95196716,-28.9548352,3.94,37677
37740,116.11195237,24.39812929,3.57,37740
37819,116.31376631,-37.96859848,3.62,37819
37826,116.33068263,28.02631031,1.16,37826
37908,116.53122379,18.51016877,4.89,37908
38070,117.02156206,-25.93718054,4.4,38070
38089,117.08436527,-47.07753199,4.69,38089
38164,117.30957923,-46.37322729,4.1,38164
38170,117.32357809,-24.85978401,3.34,38170
38414,118.05435622,-40.57579889,3.71,38414
38455,118.16105542,-38.86282206,4.49,38455
38500,118.26517655,-49.61307949,4.63,38500
38518,118.32567862,-48.10294824,4.22,38518
38538,118.37431874,26.76585858,4.97,38538
38827,119.19475729,-52.98240062,3.46,38827
38835,119.21482616,-22.88014849,4.2,38835
38901,119.41713237,-30.33458703,4.76,38901
38957,119.56018303,-49.24492865,4.47,38957
39079,119.93410303,-3.67957835,4.93,39079
39095,119.96689649,-18.39914242,4.61,39095
39138,120.08320513,-63.56750271,4.81,39138
39211,120.30540155,-1.39242418,4.69,39211
39311,120.56647202,2.33431429,4.39,39311
39424,120.87957982,27.79441794,4.94,39424
39429,120.89612561,-40.00318846,2.21,39429
39757,121.88625899,-24.30443677,2.83,39757
39794,121.98266997,-68.61713647,4.35,39794
39847,122.11459795,51.50667575,4.78,39847
39863,122.14857362,-2.98377649,4.36,39863
39903,122.25357658,-61.3017058,4.74,39903
39906,122.2568477,-19.24500094,4.4,39906
39953,122.38314727,-47.33661177,1.75,39953
40084,122.81800545,-12.92701835,4.72,40084
40091,122.83958436,-39.61855304,4.44,40091
40096,122.85790344,-42.98728888,4.73,40096
40167,123.05295353,17.64813756,4.67,40167
40259,123.33322933,-15.78821451,4.99,40259
40274,123.37301019,-35.89954225,4.78,40274
40326,123.51202967,-40.34773028,4.42,40326
40526,124.12895101,9.18566295,3.53,40526
40702,124.6302785,-76.91998251,4.05,40702
40706,124.6391383,-36.65953286,4.44,40706
40888,125.16203304,-77.4845764,4.34,40888
40945,125.34597645,-33.05437199,4.83,40945
41037,125.62860299,-59.50953829,1.86,41037
41039,125.63207774,-48.49039742,4.79,41039
41075,125.70887544,43.18837233,4.25,41075
41307,126.41529546,-3.90636482,3.91,41307
41312,126.43435936,-66.13652042,3.77,41312
41704,127.56679232,60.7184311,3.35,41704
42134,128.83186765,-58.0092947,4.84,42134
42312,129.41100573,-42.98910371,4.11,42312
42313,129.41419739,5.70379868,4.14,42313
42402,129.68936993,3.34147477,4.45,42402
42483,129.92704475,-29.56086189,4.86,42483
42509,130.00633068,-12.47537441,4.98,42509
42515,130.02556894,-35.30830091,3.97,42515
42527,130.05374429,64.32787175,4.59,42527
42536,130.07337168,-52.92197259,3.6,42536
42568,130.15431317,-59.76101468,4.31,42568
42570,130.15656369,-46.64875492,3.77,42570
42624,130.3047503,-47.31714129,4.74,42624
42662,130.43055822,-15.94314865,4.87,42662
42726,130.6058767,-53.11404062,4.83,42726
42799,130.80619315,3.39866539,4.3,42799
42806,130.82172127,21.46859609,4.66,42806
42828,130.89811451,-33.18641133,3.68,42828
42835,130.91825129,-7.23372781,4.63,42835
42884,131.09985828,-42.64932331,4.05,42884
42911,131.17129209,18.15486399,3.94,42911
42913,131.17582214,-54.70856797,1.93,42913
43023,131.50689464,-46.0415392,3.87,43023
43067,131.5938644,-13.54770494,4.32,43067
43103,131.67430955,28.76000509,4.03,43103
43105,131.67733004,-56.76979718,4.5,43105
43109,131.6943593,6.41890691,3.38,43109
43234,132.10825351,5.83788486,4.35,43234
43347,132.44853466,-45.30790977,4.94,43347
43409,132.63338051,-27.71005869,4.02,43409
43783,133.76192355,-60.64471195,3.84,43783
43813,133.84868687,5.9455277,3.11,43813
43825,133.8813149,-27.68162589,4.87,43825
43878,134.0803251,-52.72351071,4.68,43878
43937,134.24344613,-59.22935883,4.93,43937
44066,134.62165408,11.85777198,4.26,44066
44127,134.80349479,48.04234956,3.12,44127
44191,135.02266724,-41.25373789,4.45,44191
44248,135.16146765,41.78344401,3.96,44248
44382,135.61166181,-66.39584369,4.0,44382
44390,135.63635792,67.62957486,4.74,44390
44471,135.90649494,47.15665934,3.57,44471
44511,136.03883562,-47.09771376,3.75,44511
44599,136.28679299,-72.60269387,4.47,44599
44626,136.40992522,-70.53852074,4.66,44626
44659,136.49324097,5.09234249,4.99,44659
44700,136.63245022,38.45225024,4.56,44700
44816,136.99907126,-43.43262406,2.23,44816
44824,137.01190516,-25.85853691,4.62,44824
44901,137.21827365,51.60472728,4.46,44901
45038,137.59802574,67.13423886,4.8,45038
45075,137.72887992,63.51378087,4.67,45075
45080,137.74210535,-58.96693014,3.43,45080
45085,137.76834415,-44.86791223,4.99,45085
45101,137.81986611,-62.31701587,3.96,45101
45238,138.30100329,-69.71747245,1.67,45238
45336,138.59080529,2.31502422,3.89,45336
45439,138.90317393,-38.56991789,4.92,45439
45448,138.93778941,-37.41312644,4.63,45448
45493,139.04699516,54.02171207,4.8,45493
45496,139.05042678,-57.54143764,4.34,45496
45556,139.27261834,-59.27526115,2.21,45556
45688,139.71111394,36.80289763,3.82,45688
45751,139.94332821,-11.97488214,4.77,45751
45811,140.12094162,-9.55562948,4.8,45811
45856,140.23679302,-62.40463293,4.79,45856
45860,140.26441169,34.39252592,3.14,45860
45902,140.37332838,-25.96541642,4.71,45902
45941,140.52845511,-55.01069531,2.47,45941
46026,140.80140137,-28.83392305,4.71,46026
46146,141.16366395,26.18244091,4.47,46146
46371,141.82623904,-22.3434176,4.72,46371
46390,141.8968826,-8.65868335,1.99,46390
46509,142.28682816,-2.76895627,4.59,46509
46515,142.31140615,-35.9513478,4.51,46515
46651,142.67547063,-40.46688763,3.6,46651
46701,142.80564072,-57.0343916,3.16,46701
46733,142.88154025,63.06179545,3.65,46733
46750,142.93016816,22.96806545,4.32,46750
46771,142.98663458,11.3000307,4.99,46771
46776,142.99556148,-1.18465438,4.54,46776
46853,143.21802191,51.67860208,3.17,46853
46952,143.5557374,36.39761338,4.54,46952
46974,143.61109601,-59.22976797,4.08,46974
46977,143.62069943,69.83015419,4.54,46977
47006,143.70622878,52.05156754,4.47,47006
47029,143.76605199,39.62144313,4.81,47029
47175,144.2069042,-49.3551286,4.34,47175
47193,144.27229969,81.32642085,4.28,47193
47310,144.6141046,4.64941422,4.68,47310
47391,144.83767061,-61.32810523,4.51,47391
47431,144.96389156,-1.14265722,3.9,47431
47508,145.28799116,9.89239902,3.52,47508
47522,145.32094152,-23.59152139,4.76,47522
47592,145.56113137,-23.91620867,4.93,47592
47758,146.05054261,-27.76956287,4.78,47758
47854,146.31178147,-62.50792328,3.69,47854
47908,146.4629267,23.77427792,2.97,47908
48002,146.7755734,-65.07201888,2.92,48002
48319,147.74871542,59.03910437,3.78,48319
48356,147.86951033,-14.84654997,4.11,48356
48374,147.91953494,-46.54764424,4.58,48374
48402,148.02650069,54.06428574,4.55,48402
48455,148.19149028,26.00708498,3.88,48455
48559,148.55182725,-25.93248205,4.87,48559
48615,148.71765461,-19.00926985,4.94,48615
48774,149.2156452,-54.5677973,3.52,48774
49029,150.05343468,8.04427686,4.68,49029
49402,151.28121856,-13.06467435,4.6,49402
49583,151.83313948,16.76266572,3.48,49583
49593,151.85718812,35.24469176,4.49,49593
49637,151.9763285,9.99766389,4.39,49637
49641,151.98456489,-0.37162786,4.48,49641
49669,152.09358075,11.96719513,1.36,49669
49712,152.23439032,-51.81126187,4.85,49712
49841,152.64748785,-12.35383921,3.61,49841
50099,153.43449551,-70.03792169,3.29,50099
50191,153.68447399,-42.12206281,3.85,50191
50335,154.17251805,23.4173284,3.43,50335
50371,154.27085535,-61.33231977,3.39,50371
50372,154.27469564,42.91446855,3.45,50372
50555,154.90318833,-55.02931452,4.59,50555
50564,154.93462599,19.47143591,4.78,50564
50583,154.99234054,19.84186032,2.01,50583
50676,155.22839581,-56.04322401,4.5,50676
50799,155.58169175,-41.65010791,4.82,50799
50801,155.58251355,41.4994335,3.06,50801
50847,155.74241361,-66.90152522,4.97,50847
50933,156.03274518,65.56647366,4.94,50933
50954,156.09891874,-74.03154474,3.99,50954
51056,156.47861301,33.79626364,4.72,51056
51069,156.52293768,-16.83609584,3.83,51069
51172,156.78814953,-31.06780228,4.28,51172
51192,156.85199279,-57.63881373,4.65,51192
51232,156.96977108,-58.73940856,3.81,51232
51233,156.97121865,36.70747818,4.2,51233
51438,157.58364619,-71.99271995,4.72,51438
51459,157.65735143,55.98061759,4.82,51459
51495,157.75864399,-73.2215089,4.94,51495
51523,157.84264509,-53.7159928,4.89,51523
51576,158.0061825,-61.68536031,3.3,51576
51624,158.20281305,9.30659431,3.84,51624
51658,158.30832166,40.42554046,4.72,51658
51808,158.77328496,75.71298403,4.86,51808
51839,158.86757668,-78.60781379,4.11,51839
51849,158.89714422,-57.55763551,4.45,51849
51979,159.30749487,-27.41268661,4.87,51979
51986,159.32606984,-48.22561631,3.84,51986
52009,159.38853109,-13.38445095,4.89,52009
52085,159.6458878,-16.87663687,4.91,52085
52098,159.68005265,31.97622008,4.68,52098
52102,159.68755215,-59.18299905,4.69,52102
52154,159.82671887,-55.60327905,4.29,52154
52370,160.55893343,-64.4664538,4.76,52370
52419,160.73927802,-64.39447937,2.74,52419
52468,160.88461543,-60.56662705,4.58,52468
52502,161.02890478,-63.9611007,4.8,52502
52633,161.44639899,-80.54020283,4.45,52633
52727,161.69217542,-49.42012517,2.69,52727
52736,161.71351737,-64.38349702,4.87,52736
52943,162.40596699,-16.19413208,3.11,52943
53229,163.32766612,34.21556641,3.79,53229
53253,163.3731926,-58.85326474,3.78,53253
53295,163.49460834,43.19001538,4.66,53295
53417,163.90353339,24.74975451,4.3,53417
53502,164.17915128,-37.1374629,4.6,53502
53740,164.94478664,-18.29909723,4.08,53740
53773,165.03852431,-42.22586959,4.37,53773
53807,165.14016441,3.61753351,4.84,53807
53824,165.18680144,6.10150342,4.98,53824
53907,165.45695372,-2.48449705,4.73,53907
53910,165.4599615,56.38234478,2.34,53910
53954,165.58242155,20.17974575,4.42,53954
54061,165.93265365,61.75111888,1.81,54061
54182,166.25512463,7.33612254,4.62,54182
54204,166.33346925,-27.29359566,4.92,54204
54301,166.6353096,-62.42413654,4.62,54301
54463,167.14748181,-58.97504198,3.93,54463
54539,167.41608092,44.49855337,3.0,54539
54682,167.91452617,-22.82560642,4.46,54682
54751,168.15008453,-60.3176307,4.59,54751
54872,168.52671705,20.52403384,2.56,54872
54879,168.56017036,15.4297631,3.33,54879
54951,168.80101292,23.09552528,4.56,54951
55084,169.16568371,-3.65151412,4.45,55084
55219,169.61981385,33.09423881,3.49,55219
55266,169.78309755,38.18572227,4.76,55266
55282,169.83551103,-14.77904358,3.56,55282
55425,170.25184266,-54.49101395,3.9,55425
55434,170.28436733,6.02935289,4.05,55434
55560,170.70672415,43.48273665,4.99,55560
55642,170.98070334,10.52969772,4.0,55642
55687,171.15252245,-10.85938276,4.81,55687
55705,171.22076335,-17.68401748,4.06,55705
55945,171.98429124,2.85629071,4.95,55945
56127,172.57867422,-3.00345887,4.77,56127
56211,172.85120199,69.33112161,3.82,56211
56280,173.06840611,-29.26137351,4.93,56280
56343,173.25107936,-31.85752405,3.54,56343
56480,173.69046642,-54.26413167,4.62,56480
56561,173.94553448,-63.01982488,3.11,56561
56633,174.17061875,-9.80225368,4.7,56633
56647,174.23720774,-0.82385424,4.3,56647
56922,175.05341839,-34.7446553,4.7,56922
56986,175.22355273,-62.09010401,4.93,56986
57283,176.19066226,-18.35061467,4.71,57283
57328,176.32085333,8.25817475,4.84,57328
57363,176.40236386,-66.72884344,3.63,57363
57380,176.46487734,6.52981394,4.04,57380
57399,176.51305887,47.77933701,3.69,57399
57439,176.62853753,-61.17835907,4.11,57439
57443,176.63436255,-40.50133452,4.89,57443
57565,176.9967765,20.21894121,4.5,57565
57581,177.06037263,-66.81487085,4.75,57581
57632,177.26615977,14.57233687,2.14,57632
57669,177.42120019,-63.78848906,4.3,57669
57696,177.48594609,-70.2257858,4.98,57696
57757,177.67202553,1.76537705,3.59,57757
57803,177.78646511,-45.1734495,4.47,57803
57851,177.96363695,-65.20589445,4.89,57851
57936,178.22733867,-33.90813014,4.29,57936
58001,178.45725536,53.69473296,2.41,58001
58484,179.90704708,-78.22181833,4.88,58484
58590,180.21829289,6.61439464,4.65,58590
58758,180.75707974,-63.31294495,4.32,58758
58867,181.08015725,-63.16571094,4.72,58867
58948,181.30279,8.73284563,4.12,58948
59072,181.72022021,-64.61363898,4.14,59072
59173,182.02190127,-50.66125439,4.46,59173
59196,182.08976505,-50.72240999,2.58,59196
59199,182.10313607,-24.72877993,4.02,59199
59316,182.53135773,-22.61979211,3.02,59316
59449,182.9131309,-52.36841559,3.97,59449
59747,183.78648733,-58.74890179,2.79,59747
59774,183.85603795,57.03259792,3.32,59774
59803,183.95194937,-17.5419837,2.58,59803
59847,184.08564668,23.94542332,4.93,59847
59856,184.1257284,33.06179861,4.99,59856
59929,184.39431802,-67.96067161,4.06,59929
60000,184.58726633,-79.31226899,4.24,60000
60009,184.609553,-64.00304555,4.06,60009
60129,184.97663096,-0.66674709,3.89,60129
60172,185.08813566,3.31272688,4.97,60172
60202,185.17955477,17.79265307,4.72,60202
60260,185.34088036,-60.40136988,3.59,60260
60351,185.62632982,25.84618178,4.78,60351
60485,186.00617625,51.56222925,4.76,60485
60697,186.60030726,27.26826273,4.92,60697
60710,186.63245078,-51.4506115,4.82,60710
60718,186.64975585,-63.09905586,0.77,60718
60742,186.73469831,28.26861975,4.35,60742
60746,186.74710034,26.8257216,4.98,60746
60823,187.01004828,-50.2306048,3.91,60823
60965,187.4665965,-16.51509397,2.94,60965
61084,187.79137202,-57.11256922,1.59,61084
61174,188.01868646,-16.19586556,4.3,61174
61199,188.11712896,-72.1329759,3.84,61199
61281,188.37101041,69.78820992,3.85,61281
61317,188.43788561,41.35676779,4.24,61317
61359,188.59680864,-23.39662306,2.65,61359
61384,188.68360523,70.02177318,4.95,61384
61394,188.71299083,22.62918961,4.8,61394
61585,189.29618208,-69.13553358,2.69,61585
61622,189.42636588,-48.54128816,3.85,61622
61740,189.81171855,-7.99550439,4.66,61740
61789,189.96900602,-39.98724188,4.63,61789
61932,190.38002079,-48.95988553,2.2,61932
61941,190.41667557,-1.44952231,2.74,61941
61960,190.47086482,10.23584294,4.88,61960
61966,190.48582,-59.68581085,4.91,61966
62012,190.6481714,-48.81303493,4.66,62012
62268,191.40798434,-60.98116057,4.69,62268
62322,191.57029013,-68.10809405,3.04,62322
62327,191.59478955,-56.48877967,4.62,62327
62434,191.93049537,-59.68873246,1.25,62434
62683,192.67161238,-33.99926779,4.9,62683
62763,192.92469926,27.54073393,4.93,62763
62867,193.27906907,-48.94325313,4.33,62867
62886,193.32404513,21.24502058,4.89,62886
62896,193.35894159,-40.17881857,4.25,62896
62956,193.5068041,55.95984301,1.76,62956
62985,193.58822553,-9.53894647,4.77,62985
63003,193.64857337,-57.17789116,4.03,63003
63007,193.66341683,-59.14666538,4.62,63007
63090,193.90201366,3.39759862,3.39,63090
63125,194.00767051,38.31824617,2.89,63125
63355,194.73110786,17.40936063,4.76,63355
63462,195.06868941,30.78503676,4.88,63462
63503,195.18160731,56.36633134,4.93,63503
63608,195.54483557,10.95910186,2.85,63608
63613,195.56573968,-71.54879865,3.61,63613
63724,195.88894965,-49.52723627,4.83,63724
63945,196.56970994,-48.46325358,4.71,63945
64004,196.72776268,-49.90621586,4.27,64004
64022,196.79461606,27.62490672,4.8,64022
64166,197.26367917,-23.11797275,4.94,64166
64238,197.48755015,-5.53892987,4.38,64238
64241,197.49812263,17.52911621,4.32,64241
64394,197.97051117,27.87603769,4.23,64394
64408,198.01444495,-37.80313606,4.85,64408
64425,198.07345539,-59.92053651,4.58,64425
64540,198.42908954,40.15284766,4.94,64540
64583,198.56428372,-59.10285946,4.9,64583
64661,198.81249082,-67.8945633,4.79,64661
64820,199.30431246,-66.78342263,4.86,64820
64844,199.38598801,40.57256275,4.72,64844
64852,199.40119538,5.46984502,4.78,64852
64924,199.60405,-18.30861062,4.74,64924
64962,199.7302224,-23.17141246,2.99,64962
65109,200.15027321,-36.71208109,2.75,65109
65271,200.65824899,-60.98835608,4.52,65271
65378,200.98091604,54.92541525,2.23,65378
65387,201.00184737,-64.53561699,4.52,65387
65474,201.2983523,-11.16124491,0.98,65474
65477,201.30589832,54.98799884,3.99,65477
65639,201.86349201,-15.97363075,4.76,65639
65721,202.10812668,13.78018777,4.97,65721
65936,202.76111861,-39.40727983,3.9,65936
66006,202.99144179,-6.25571065,4.68,66006
66200,203.5329387,3.65902506,4.92,66200
66234,203.61405606,49.01590606,4.68,66234
66249,203.673978,-0.59593821,3.38,66249
66257,203.69894294,37.18243871,4.91,66257
66458,204.36540378,36.29484073,4.82,66458
66657,204.97196962,-53.46636269,2.29,66657
66738,205.18455213,54.68166149,4.63,66738
66821,205.43672827,-54.55936543,4.99,66821
67153,206.42319432,-33.04336606,4.23,67153
67234,206.66403516,-51.43269771,4.64,67234
67275,206.81681937,17.45677436,4.5,67275
67301,206.8856088,49.31330288,1.85,67301
67457,207.36146356,-34.45063035,4.19,67457
67459,207.36957439,15.79780583,4.05,67459
67464,207.3762392,-41.68765971,3.41,67464
67472,207.40419934,-42.47368506,3.47,67472
67480,207.42841642,21.26406422,4.92,67480
67494,207.468102,-18.13407618,4.96,67494
67627,207.85807331,64.72328281,4.58,67627
67665,207.94787312,34.44431774,4.76,67665
67669,207.95677175,-32.99401625,4.32,67669
67786,208.30228458,-31.92758624,4.75,67786
67927,208.6713175,18.39858742,2.68,67927
68002,208.88514539,-47.28826634,2.55,68002
68191,209.41223681,-63.68661603,4.71,68191
68245,209.56785278,-42.10070526,3.83,68245
68282,209.6698807,-44.8035314,3.87,68282
68520,210.41159648,1.54458338,4.23,68520
68523,210.43121648,-45.60336989,4.34,68523
68702,210.95601898,-60.3729784,0.61,68702
68756,211.09760837,64.37580873,3.67,68756
68862,211.5116084,-41.17958035,4.36,68862
68895,211.59278733,-26.68201883,3.25,68895
68933,211.67218608,-36.36869575,2.06,68933
69112,212.21253759,77.54743312,4.8,69112
69191,212.47898599,-53.43872584,4.74,69191
69226,212.59978522,25.09182293,4.82,69226
69269,212.71034788,-16.30200362,4.93,69269
69389,213.06596003,2.40949613,4.99,69389
69427,213.22392088,-10.274044,4.18,69427
69483,213.37062458,51.78999066,4.53,69483
69673,213.91811403,19.18726997,-0.05,69673
69701,214.00368717,-5.99952622,4.07,69701
69713,214.04195627,51.36701398,4.75,69713
69732,214.09656821,46.08791894,4.18,69732
69879,214.49923373,35.50947085,4.8,69879
69896,214.55821047,-81.00760147,4.89,69896
69974,214.77750771,-13.37116634,4.52,69974
69996,214.85096972,-46.05808391,3.55,69996
70027,214.93883677,16.30680118,4.84,70027
70069,215.08146975,-56.38647906,4.3,70069
70090,215.13949709,-37.88526711,4.05,70090
70104,215.17729569,-45.1868814,4.78,70104
70264,215.65467485,-58.45915834,4.76,70264
70300,215.75940538,-39.51176599,4.41,70300
70306,215.77461567,-27.75373395,4.78,70306
70327,215.84475026,8.44664037,4.86,70327
70497,216.30008064,51.85171354,4.04,70497
70574,216.53431272,-45.22138996,4.56,70574
70576,216.54500648,-45.37926095,4.33,70576
70638,216.73225313,-83.66785308,4.31,70638
70692,216.88134383,75.69593921,4.25,70692
70753,217.04351389,-29.49157976,4.97,70753
70755,217.05091806,-2.22795009,4.81,70755
71053,217.95774098,30.37114497,3.57,71053
71075,218.01982421,38.30788348,3.04,71075
71121,218.15451447,-50.45712132,4.44,71121
71284,218.66954381,29.74480735,4.47,71284
71352,218.87688163,-42.15774562,2.33,71352
71536,219.47187965,-49.42575765,4.05,71536
71681,219.91412833,-60.83947139,1.35,71681
71683,219.92041034,-60.83514707,-0.01,71683
71762,220.18150404,16.4183013,4.49,71762
71795,220.28716819,13.72833113,3.78,71795
71832,220.4114855,8.16175611,4.86,71832
71860,220.48239101,-47.38814127,2.3,71860
71865,220.49005323,-37.79342394,4.01,71865
71908,220.62785433,-64.97456957,3.18,71908
71957,220.76484284,-5.6574291,3.87,71957
71995,220.85571623,26.52789077,4.8,71995
72010,220.91451458,-35.17322549,4.06,72010
72104,221.24664628,-35.19182069,4.92,72104
72105,221.24687869,27.07417383,2.35,72105
72125,221.31040511,16.96440296,4.6,72125
72220,221.56246594,1.8929383,3.73,72220
72370,221.96552567,-79.04471242,3.83,72370
72571,222.5727779,-27.96021925,4.42,72571
72607,222.67664751,74.15547596,2.07,72607
72622,222.71990536,-16.04161047,2.75,72622
72631,222.75425052,-2.29884995,4.93,72631
72659,222.84701756,19.10063329,4.54,72659
72683,222.9096805,-43.57529383,4.32,72683
73165,224.29606996,-4.34608634,4.47,73165
73199,224.39632979,65.93238126,4.63,73199
73273,224.63314193,-43.13386699,2.68,73273
73334,224.79041254,-42.10414199,3.13,73334
73473,225.24328191,-8.51893488,4.91,73473
73555,225.48663804,40.39063671,3.49,73555
73568,225.52713391,25.00825646,4.8,73568
73620,225.7252916,2.09127129,4.39,73620
73695,225.94867417,47.65401409,4.83,73695
73714,226.01775793,-25.28185602,3.25,73714
73745,226.11190457,26.94765981,4.52,73745
73807,226.27960699,-47.05119386,3.91,73807
73996,226.82477948,24.86959294,4.93,73996
74117,227.21095653,-45.27979406,4.07,74117
74376,227.98400434,-48.73770212,3.88,74376
74392,228.05546736,-19.79163143,4.54,74392
74395,228.07167982,-52.09907465,3.41,74395
74449,228.20668641,-44.50035965,4.83,74449
74604,228.6555245,-31.51912564,4.91,74604
74666,228.87543241,33.31510222,3.46,74666
74785,229.25196591,-9.38286694,2.61,74785
74824,229.3790009,-58.80087882,4.07,74824
74837,229.41203255,-63.61048662,4.85,74837
74857,229.45768699,-30.14866233,4.35,74857
74911,229.63353586,-47.87519201,4.27,74911
74946,229.72787007,-68.67946723,2.87,74946
75097,230.1822884,71.83397308,3.0,75097
75141,230.34306833,-40.64745946,3.22,75141
75177,230.45181856,-36.26116729,3.57,75177
75206,230.53497528,-47.92746963,4.99,75206
75264,230.67036465,-44.68957314,3.37,75264
75304,230.78901374,-36.85843627,4.54,75304
75312,230.80094284,30.28824114,4.99,75312
75323,230.84440733,-59.32069839,4.48,75323
75379,231.04970889,-10.32189476,4.92,75379
75411,231.12306762,37.37696091,4.31,75411
75458,231.2324337,58.96602354,3.29,75458
75501,231.33438516,-38.7335881,4.6,75501
75695,231.95771631,29.10549164,3.66,75695
76041,232.94580142,40.89936876,4.98,76041
76127,233.23248309,31.35915517,4.14,76127
76219,233.54383219,-10.06395962,4.61,76219
76267,233.67162293,26.71491041,2.22,76267
76276,233.7007926,10.53885916,3.8,76276
76297,233.78525156,-41.16669497,2.8,76297
76333,233.88141398,-14.78955365,3.91,76333
76371,233.97193752,-44.95833688,4.55,76371
76440,234.17994543,-66.31690469,4.11,76440
76470,234.25607748,-28.13507099,3.6,76470
76552,234.51384287,-42.56748493,4.34,76552
76600,234.66410153,-29.77768935,3.66,76600
76669,234.84451583,36.63582763,4.64,76669
76705,234.94156188,-34.41189273,4.66,76705
76742,235.07043893,-23.81805841,4.97,76742
76829,235.29798226,-44.66055926,4.64,76829
76852,235.38788463,19.67050566,4.51,76852
76880,235.48674445,-19.67857446,4.75,76880
76945,235.67098805,-34.71033325,4.75,76945
76952,235.68599269,26.29551419,3.81,76952
77055,236.01443312,77.79449901,4.29,77055
77070,236.06664914,6.42551971,2.63,77070
77233,236.54672877,15.42192602,3.65,77233
77257,236.61144121,7.35323973,4.42,77257
77450,237.18503586,18.1417793,4.09,77450
77512,237.39874182,26.06854936,4.59,77512
77516,237.40527375,-3.43014112,3.54,77516
77622,237.70371344,4.4775798,3.71,77622
77634,237.7397573,-33.62710488,3.97,77634
77635,237.74480683,-25.75123489,4.63,77635
77655,237.80807231,35.65822638,4.79,77655
77661,237.81642977,20.97787548,4.74,77661
77760,238.16747684,42.44998796,4.6,77760
77840,238.40303498,-25.32708018,4.59,77840
77853,238.45615438,-16.7296223,4.13,77853
77952,238.78670013,-63.42974973,2.83,77952
78072,239.11247598,15.66473327,3.85,78072
78104,239.22119438,-29.21401221,3.87,78104
78159,239.39709121,26.87802632,4.14,78159
78180,239.44830388,54.74950359,4.96,78180
78207,239.54740116,-14.27931773,4.95,78207
78265,239.71300283,-26.1140428,2.89,78265
78323,239.87623269,-41.74439602,4.99,78323
78384,240.03058543,-38.39664079,3.42,78384
78401,240.08338225,-22.62162024,2.29,78401
78493,240.36079431,29.85107821,4.98,78493
78527,240.4737656,58.56443739,4.01,78527
78554,240.57370453,22.80439543,4.82,78554
78592,240.69937951,46.03685378,4.72,78592
78639,240.80358419,-49.22972074,4.65,78639
78650,240.83611243,-25.86514891,4.96,78650
78655,240.85084398,-38.60247122,4.9,78655
78662,240.88425437,-57.77487351,4.63,78662
78820,241.35931206,-19.80539286,2.56,78820
78821,241.36073017,-19.80184191,4.9,78821
78914,241.6225984,-45.17327517,4.73,78914
78918,241.64815129,-36.80221297,4.22,78918
78933,241.70180197,-20.66913479,3.93,78933
78990,241.85125058,-20.8686541,4.31,78990
79101,242.19249715,44.93481883,4.23,79101
79119,242.24303566,36.49010935,4.73,79119
79374,242.99891879,-19.46064684,4.0,79374
79375,243.00000648,-10.06418514,4.93,79375
79404,243.07588221,-27.92631564,4.58,79404
79509,243.36972631,-54.63041289,4.95,79509
79593,243.58652601,-3.69397562,2.73,79593
79664,243.85944228,-63.68564897,3.86,79664
79790,244.25389798,-50.06811224,4.97,79790
79822,244.37708768,75.75470385,4.95,79822
79881,244.57467023,-28.61377598,4.8,79881
79882,244.58016994,-4.69260809,3.23,79882
79992,244.93519958,46.31327084,3.91,79992
80000,244.96069832,-50.15537923,4.01,80000
80047,245.08681283,-78.69565609,4.68,80047
80079,245.15909758,-24.16928427,4.55,80079
80112,245.29717718,-25.59275259,2.9,80112
80170,245.48018203,19.15302185,3.74,80170
80179,245.51850007,1.02892219,4.82,80179
80181,245.52454222,30.89173424,4.86,80181
80331,245.99794523,61.51407536,2.73,80331
80343,246.02582204,-20.03721137,4.48,80343
80463,246.35387324,14.03341514,4.57,80463
80473,246.39633811,-23.44711764,4.57,80473
80569,246.75599294,-18.45619698,4.22,80569
80582,246.79603256,-47.5547359,4.46,80582
80628,246.95094563,-8.37170055,4.62,80628
80650,246.99605488,68.76805491,4.94,80650
80686,247.11583852,-70.08467012,4.9,80686
80704,247.1605205,41.88169065,4.83,80704
80763,247.35194804,-26.43194608,1.06,80763
80815,247.55199128,-25.11515935,4.79,80815
80816,247.55525697,21.4896485,2.78,80816
80883,247.72850509,1.98410056,3.82,80883
80894,247.78497886,-16.61264015,4.29,80894
80911,247.84558957,-34.70432087,4.24,80911
80975,248.03411079,-21.46647783,4.45,80975
81008,248.15165942,11.48823391,4.84,81008
81065,248.36443409,-78.89695917,3.86,81065
81122,248.52091772,-44.04530868,4.86,81122
81126,248.52578863,42.43689565,4.2,81126
81266,248.97066423,-28.21596156,2.82,81266
81304,249.09358718,-35.25535553,4.18,81304
81377,249.28970847,-10.5671518,2.54,81377
81497,249.68703338,48.92827739,4.86,81497
81660,250.22966425,64.58908555,4.84,81660
81693,250.32282132,31.60188695,2.81,81693
81724,250.39331786,-17.74216462,4.91,81724
81833,250.72391068,38.92246103,3.48,81833
81852,250.7725818,-77.51657182,4.23,81852
82020,251.3241238,56.78168723,4.84,82020
82080,251.49233961,82.03725071,4.21,82080
82273,252.16610742,-69.02763503,1.91,82273
82321,252.3091638,45.9834478,4.82,82321
82363,252.44629764,-59.04131648,3.77,82363
82369,252.45822137,-10.78280069,4.64,82369
82396,252.54268738,-34.29260982,2.29,82396
82514,252.96766195,-38.04732717,3.0,82514
82545,253.08397295,-38.01747781,3.56,82545
82671,253.49886366,-42.36201968,4.7,82671
82673,253.50209743,10.16544339,4.39,82673
82729,253.64627156,-42.36075916,3.62,82729
82860,254.00566477,65.13467204,4.88,82860
83000,254.41779418,9.37505626,3.19,83000
83081,254.65512817,-55.99005508,3.12,83081
83153,254.89602773,-53.16049005,4.06,83153
83207,255.07252582,30.92633926,3.92,83207
83262,255.26510631,-4.22245426,4.82,83262
83430,255.78273333,14.0921003,4.97,83430
83574,256.20562945,-34.12292247,4.83,83574
83608,256.3340928,54.46986308,4.91,83608
83613,256.34441753,12.74085469,4.89,83613
83895,257.19677111,65.71463676,3.17,83895
84012,257.59442659,-15.72514757,2.43,84012
84143,258.038233,-43.23849039,3.32,84143
84345,258.66192687,14.39025314,2.78,84345
84379,258.75801735,24.83958739,3.12,84379
84380,258.76189282,36.80915527,3.16,84380
84405,258.83869698,-26.60004896,4.33,84405
84514,259.15294004,-0.44514192,4.72,84514
84573,259.33154372,33.10011419,4.8,84573
84606,259.41785775,37.29134328,4.64,84606
84880,260.2068148,-12.846882,4.32,84880
84893,260.25087615,-21.11243499,4.39,84893
84969,260.49806157,-67.7706496,4.76,84969
84970,260.50243371,-24.99948797,3.27,84970
85112,260.92072033,37.14592396,4.15,85112
85258,261.32498828,-55.52982397,2.84,85258
85267,261.34858274,-56.37768824,3.31,85267
85340,261.59257241,-24.17502346,4.16,85340
85355,261.62866503,4.14034239,4.34,85355
85365,261.65806271,-5.08649188,4.53,85365
85423,261.8386001,-29.86669942,4.28,85423
85670,262.60823708,52.30135901,2.79,85670
85693,262.68457505,26.1106045,4.41,85693
85696,262.69099501,-37.29574016,2.7,85696
85727,262.77490395,-60.68360667,3.6,85727
85755,262.85396193,-23.96258036,4.78,85755
85792,262.96050661,-49.87598159,2.84,85792
85819,263.04340826,55.18411077,4.89,85819
85822,263.05373826,86.58632924,4.35,85822
85829,263.06616249,55.17280674,4.86,85829
85927,263.40219373,-37.10374835,1.62,85927
86032,263.73335321,12.56057584,2.08,86032
86092,263.91504719,-46.50559076,4.56,86092
86170,264.13686148,-38.63486521,4.26,86170
86201,264.23787472,68.75718933,4.77,86201
86228,264.32969072,-42.99782155,1.86,86228
86263,264.39677181,-15.39840835,3.54,86263
86284,264.46133236,-8.11872126,4.58,86284
86414,264.86621847,46.00632216,3.82,86414
86486,265.09888468,-49.41515481,4.76,86486
86565,265.35381884,-12.87517268,4.24,86565
86614,265.4846127,72.14949916,4.57,86614
86670,265.62199908,-39.02992092,2.39,86670
86736,265.85772897,-21.68308566,4.86,86736
86742,265.86823714,4.56691684,2.76,86742
86929,266.43334347,-64.7237345,3.61,86929
86974,266.61549553,27.72249917,3.42,86974
87072,266.89011276,-27.83076255,4.53,87072
87073,266.89617137,-40.12698197,2.99,87073
87108,266.97322515,2.70745875,3.75,87108
87220,267.2936388,-31.70318435,4.79,87220
87261,267.4643802,-37.04337105,3.19,87261
87294,267.5462917,-40.09042823,4.78,87294
87585,268.38178961,56.87245216,3.73,87585
87808,269.06324389,37.25052158,3.86,87808
87833,269.15157439,51.48895101,2.24,87833
87846,269.19760682,-44.34219871,4.85,87846
87933,269.44096106,29.24792527,3.7,87933
87936,269.44919385,-41.71625842,4.88,87936
87998,269.62562385,30.18926892,4.41,87998
88048,269.75665662,-9.77334973,3.32,88048
88116,269.94815306,-23.81601126,4.74,88116
88128,270.01425282,16.75094481,4.67,88128
88149,270.06582324,4.36864674,4.79,88149
88175,270.12050178,-3.69016112,4.62,88175
88192,270.16131466,2.93158759,3.93,88192
88267,270.37667886,21.59568814,4.26,88267
88290,270.43828967,1.30510936,4.42,88290
88404,270.77046145,-8.18025785,4.77,88404
88567,271.2550938,-29.5800762,4.66,88567
88601,271.36338682,2.50243928,4.03,88601
88635,271.45218586,-30.42365007,2.98,88635
88657,271.50795297,22.21889206,4.96,88657
88714,271.65782832,-50.09145462,3.65,88714
88726,271.70785224,-43.42496169,4.92,88726
88765,271.82647643,8.73379361,4.64,88765
88771,271.8375861,9.56365345,3.71,88771
88794,271.88562824,28.76247025,3.84,88794
88839,272.02067917,-28.45701627,4.55,88839
88866,272.14496186,-63.66804844,4.33,88866
88886,272.1895526,20.81457203,4.37,88886
89112,272.80740093,-45.95432704,4.52,89112
89153,272.93053328,-23.70116777,4.96,89153
89172,272.97569523,31.4052884,4.96,89172
89341,273.44086963,-21.05883031,3.84,89341
89348,273.4723271,64.39719935,4.99,89348
89642,274.4072049,-36.76128103,3.1,89642
89678,274.51328312,-27.04263452,4.66,89678
89826,274.96550503,36.06444696,4.33,89826
89861,275.0745983,21.9614409,4.92,89861
89908,275.18933831,71.33772734,4.22,89908
89918,275.21692548,3.37714467,4.85,89918
89931,275.24842337,-29.82803914,2.72,89931
89937,275.25974572,72.73369763,3.55,89937
89962,275.32883578,-2.897122,3.23,89962
90098,275.80675239,-61.49390506,4.35,90098
90135,275.91480755,-8.93451038,4.66,90135
90139,275.92402821,21.77034249,3.85,90139
90156,275.97770388,58.8005852,4.98,90156
90185,276.04310967,-34.3843146,1.79,90185
90289,276.33764809,-20.54160918,4.81,90289
90344,276.49578299,65.56354628,4.82,90344
90422,276.74345947,-45.96832919,3.49,90422
90496,276.99278955,-25.42124732,2.82,90496
90568,277.20723319,-49.07003097,4.1,90568
90595,277.29938301,-14.56580499,4.67,90595
90797,277.84344394,-62.27819116,4.63,90797
90830,277.93931691,-45.9147436,4.92,90830
90905,278.14384287,57.04561627,4.77,90905
90982,278.37566714,-42.31245871,4.62,90982
91117,278.80182442,-8.24330819,3.85,91117
91262,279.23410832,38.78299311,0.03,91262
91726,280.56842553,-9.05255357,4.7,91726
91792,280.75889095,-71.42772867,4.01,91792
91845,280.88016751,-8.27524299,4.88,91845
91918,281.08066463,-35.64192109,4.86,91918
91919,281.08473883,39.66997686,4.67,91919
91926,281.09489936,39.61259557,4.59,91926
91971,281.19306613,37.60505025,4.34,91971
92024,281.36190079,-64.87089771,4.78,92024
92041,281.41397083,-26.9907794,3.17,92041
92043,281.4155466,20.54712356,4.19,92043
92088,281.51861708,26.66207055,4.83,92088
92161,281.75509317,18.18122968,4.34,92161
92175,281.79365558,-4.74782871,4.22,92175
92420,282.51997462,33.36267788,3.52,92420
92512,282.80002755,59.38828895,4.63,92512
92609,283.05431892,-62.18756062,4.22,92609
92689,283.30642219,50.70828894,4.92,92689
92761,283.54239695,-22.7448202,4.86,92761
92782,283.59902616,71.29708956,4.82,92782
92791,283.62620294,36.89860518,4.22,92791
92818,283.68700483,22.64507357,4.57,92818
92855,283.81631956,-26.29659428,2.05,92855
92862,283.8336882,43.9458926,4.08,92862
92946,284.05483475,4.20352956,4.62,92946
92951,284.06088696,4.20205672,4.98,92951
93015,284.23766942,-67.23353511,4.4,93015
93026,284.26514217,-5.84621426,4.83,93026
93085,284.43241556,-21.10662433,3.52,93085
93148,284.61564682,-52.93860748,4.85,93148
93174,284.68114151,-37.10708855,4.83,93174
93194,284.73593568,32.68955312,3.25,93194
93244,284.90578844,15.06847757,4.02,93244
93279,285.00342257,32.14549051,4.94,93279
93429,285.42017236,-5.73901832,4.02,93429
93506,285.65301428,-29.88011429,2.6,93506
93542,285.77846922,-42.09499443,4.74,93542
93683,286.17055765,-21.74135451,3.76,93683
93747,286.3525518,13.86370983,2.99,93747
93805,286.56229139,-4.88233456,3.43,93805
93825,286.60433158,-37.06275714,4.23,93825
93864,286.73517629,-27.66981416,3.32,93864
94005,287.08722077,-40.4966376,4.57,94005
94114,287.36782635,-37.90423953,4.11,94114
94141,287.44097404,-21.02352534,2.88,94141
94160,287.50730185,-39.34070677,4.1,94160
94376,288.13814581,67.66131695,3.07,94376
94481,288.43953645,39.14596968,4.43,94481
94643,288.88498822,-25.25660677,4.86,94643
94648,288.8887238,73.35521457,4.45,94648
94703,289.05433156,21.39044277,4.76,94703
94713,289.09206426,38.13372778,4.35,94713
94779,289.27545794,53.36816064,3.8,94779
94820,289.40868994,-18.95288215,4.88,94820
95066,290.13682588,-5.41587489,4.98,95066
95081,290.16696656,65.7144303,4.6,95081
95168,290.41823037,-17.84725155,3.92,95168
95176,290.43175842,-15.95500233,4.52,95176
95241,290.65952718,-44.45891013,3.96,95241
95294,290.8044192,-44.79964788,4.27,95294
95347,290.97146411,-40.61564629,3.96,95347
95372,291.03154901,29.6213112,4.99,95372
95501,291.37396941,3.11457923,3.36,95501
95585,291.62954029,0.33857566,4.64,95585
95771,292.17671261,24.66516482,4.44,95771
95853,292.42641389,51.72946747,3.76,95853
95947,292.68035529,27.9596948,3.05,95947
96052,292.94300436,34.45297707,4.74,96052
96100,293.08577692,69.66540172,4.67,96100
96229,293.52178228,7.37931918,4.45,96229
96341,293.80414074,-48.09911061,4.88,96341
96441,294.11059344,50.22046347,4.49,96441
96465,294.17662107,-24.88356664,4.59,96465
96468,294.18031892,-1.28655047,4.36,96468
96483,294.2227024,-7.02747069,4.93,96483
96683,294.84418456,30.1532335,4.68,96683
96757,295.02409394,18.01393839,4.39,96757
96837,295.26222378,17.47612356,4.39,96837
97118,296.06896508,37.35426967,4.89,97118
97165,296.24350878,45.13069195,2.86,97165
97278,296.56487567,10.61326869,2.72,97278
97290,296.59091351,-19.76089482,4.87,97290
97365,296.84693842,18.53425912,3.68,97365
97433,297.04255658,70.26783533,3.84,97433
97649,297.6945086,8.86738491,0.76,97649
97679,297.76705681,22.61008676,4.9,97679
97804,298.11818257,1.00567827,3.87,97804
97886,298.36533677,24.07952568,4.57,97886
97938,298.56175736,8.46165027,4.71,97938
98032,298.81532954,-41.8684135,4.12,98032
98036,298.82819233,6.40793334,3.71,98036
98055,298.90759282,52.43902327,4.91,98055
98066,298.95927101,-26.29968718,4.7,98066
98068,298.96567172,38.48670392,4.95,98068
98073,298.98078459,58.84601982,4.98,98073
98110,299.07665069,35.08349079,3.89,98110
98162,299.23677038,-27.1698625,4.54,98162
98337,299.68911516,19.49209287,3.51,98337
98353,299.7382347,-26.19582739,4.84,98353
98412,299.93405965,-35.27624433,4.37,98412
98495,300.14747226,-72.91018443,3.97,98495
98543,300.27504217,27.75356392,4.66,98543
98608,300.43634274,-59.37582804,4.95,98608
98688,300.66441367,-27.70987972,4.43,98688
98702,300.7043634,67.87344872,4.51,98702
98761,300.88921406,-37.94049103,4.77,98761
98842,301.08151239,-32.05626941,4.99,98842
99120,301.84653576,-52.88080972,4.93,99120
99240,302.17441713,-66.17932101,3.55,99240
99255,302.22215174,77.71136178,4.38,99255
99303,302.35673642,36.83959003,4.93,99303
99473,302.82610327,-0.82147569,3.24,99473
99639,303.32517496,46.81567038,4.8,99639
99655,303.34917142,56.56752223,4.28,99655
99675,303.40792782,46.74132417,3.8,99675
99742,303.56910667,15.19746767,4.94,99742
99770,303.63326032,36.8061354,4.93,99770
99824,303.81621226,25.59196924,4.79,99824
99848,303.8679927,47.7142053,3.96,99848
99874,303.94232258,27.8142285,4.5,99874
100027,304.41190045,-12.50821403,4.3,100027
100044,304.44668519,38.0329471,4.77,100044
100064,304.5134103,-12.54485877,3.58,100064
100310,305.16586145,-12.75904403,4.77,100310
100345,305.25269347,-14.78140119,3.05,100345
100453,305.55708346,40.2566815,2.23,100453
100587,305.96498335,32.19018607,4.43,100587
100751,306.41187347,-56.73488071,1.94,100751
101027,307.21509857,-17.81366828,4.77,101027
101076,307.348879,30.36855661,4.01,101076
101093,307.39511383,62.99413722,4.21,101093
101101,307.41232775,-2.8854763,4.91,101101
101138,307.51471567,48.95155039,4.94,101138
101421,308.30318657,11.30333217,4.03,101421
101474,308.47578431,35.25086482,4.61,101474
101589,308.82711738,14.67418482,4.64,101589
101612,308.89486744,-60.58129819,4.75,101612
101692,309.18177937,-2.54991814,4.91,101692
101769,309.38695734,14.59520289,3.64,101769
101772,309.39162365,-47.29166239,3.11,101772
101773,309.39683225,-61.52974415,4.86,101773
101847,309.58447294,-1.10507951,4.31,101847
101867,309.63038481,21.20117964,4.81,101867
101958,309.90939395,15.9120527,3.77,101958
102098,310.3579727,45.28033423,1.25,102098
102281,310.86477381,15.07468224,4.43,102281
102333,311.00911122,-51.92084051,4.51,102333
102388,311.21884679,25.27104823,4.92,102388
102395,311.2398153,-66.20323826,3.42,102395
102422,311.32195263,61.83679404,3.41,102422
102431,311.33831928,57.58029799,4.52,102431
102453,311.41566302,30.7196568,4.22,102453
102485,311.52402547,-25.27051682,4.13,102485
102488,311.55180091,33.96945334,2.48,102488
102532,311.66465833,16.12477326,4.27,102532
102571,311.79468503,34.37410329,4.93,102571
102589,311.85219564,36.49073658,4.53,102589
102618,311.91888574,-9.49568988,3.78,102618
102624,311.93432462,-5.02760303,4.43,102624
102724,312.23455583,46.11414081,4.81,102724
102790,312.3705384,-46.22689249,4.9,102790
102831,312.49199793,-33.7796732,4.89,102831
102978,312.95540084,-26.91912642,4.12,102978
103004,313.0321898,27.09712771,4.56,103004
103045,313.16335749,-8.98323782,4.73,103045
103089,313.31143866,44.38726652,4.8,103089
103227,313.70241509,-58.4540947,3.67,103227
103413,314.29338184,41.16719384,3.94,103413
103632,314.95645946,47.52094507,4.74,103632
103738,315.32275695,-32.25776681,4.67,103738
104019,316.10135259,-19.85493122,4.82,104019
104060,316.23273251,43.92785122,3.72,104060
104139,316.48658082,-17.23271095,4.08,104139
104194,316.65036722,47.64840597,4.56,104194
104234,316.78202266,-25.00574796,4.49,104234
104459,317.39830336,-11.37165474,4.5,104459
104521,317.58529617,10.13194861,4.7,104521
104732,318.23408977,30.22708128,3.21,104732
104858,318.61995883,10.00771855,4.47,104858
104887,318.69727757,38.04432043,3.74,104887
104987,318.95581976,5.2480739,3.92,104987
105102,319.35396892,39.39469016,4.22,105102
105138,319.47944955,34.8968812,4.41,105138
105140,319.48436063,-32.17248551,4.71,105140
105199,319.64408982,62.58545529,2.45,105199
105319,319.96618253,-53.44926434,4.39,105319
105382,320.18993153,-40.80950852,4.8,105382
105502,320.52139118,19.80435581,4.08,105502
105515,320.56157261,-16.83455521,4.28,105515
105858,321.61038385,-65.36814438,4.21,105858
105881,321.66678212,-22.41137838,3.77,105881
106032,322.16489595,70.56069481,3.23,106032
106039,322.18048346,-21.80716659,4.5,106039
106140,322.48699859,23.63882922,4.52,106140
106278,322.88966951,-5.57115593,2.9,106278
106481,323.49530361,45.59206564,3.98,106481
106551,323.69365589,38.53382684,4.87,106551
106723,324.27009487,-19.46601352,4.51,106723
106786,324.43767522,-7.85414212,4.68,106786
106801,324.48011167,62.08194667,4.76,106801
106985,325.02225935,-16.66225343,3.69,106985
107089,325.36863801,-77.38946215,3.73,107089
107119,325.47948373,71.31118695,4.55,107119
107136,325.52358201,51.1896271,4.69,107136
107188,325.66423845,-18.86630105,4.72,107188
107259,325.87689561,58.78005308,4.23,107259
107310,326.03501874,28.74322228,4.49,107310
107315,326.04641808,9.87500791,2.38,107315
107348,326.12787716,17.35004352,4.34,107348
107354,326.16126755,25.64500284,4.14,107354
107380,326.2366159,-33.02555306,4.35,107380
107418,326.36220534,61.12081043,4.25,107418
107533,326.69835794,49.3095748,4.23,107533
107556,326.75952199,-16.12656595,2.85,107556
108085,328.48189202,-37.3648229,3.0,108085
108431,329.47929577,-54.9925666,4.4,108431
108870,330.82266498,-56.77980602,4.69,108870
108874,330.82845686,-2.15533588,4.74,108874
108917,330.94650782,64.62775425,4.26,108917
109068,331.4195499,5.05828453,4.86,109068
109074,331.44593869,-0.31982656,2.95,109074
109111,331.52876518,-39.54304903,4.47,109111
109139,331.60918894,-13.86954013,4.29,109139
109176,331.75197729,25.3450461,3.77,109176
109268,332.05781838,-46.96061593,1.73,109268
109285,332.0956383,-32.98839827,4.5,109285
109289,332.10803368,-34.04372111,4.99,109289
109400,332.45152906,72.34119936,4.79,109400
109410,332.49688603,33.17826747,4.28,109410
109422,332.53534803,-32.54844042,4.94,109422
109427,332.54924902,6.197789,3.52,109427
109492,332.71359131,58.20124992,3.39,109492
109754,333.46958944,39.71488928,4.5,109754
109857,333.75699582,57.04346522,4.18,109857
109908,333.90368669,-41.34675029,4.79,109908
109937,333.9923757,37.74873483,4.14,109937
110003,334.20819329,-7.78323706,4.17,110003
110130,334.62574257,-60.25949486,2.87,110130
110351,335.25636792,46.53656484,4.55,110351
110371,335.33053166,28.33051592,4.78,110371
110386,335.37946377,12.20517262,4.82,110386
110395,335.41374983,-1.38735315,3.86,110395
110538,335.89015172,52.22949951,4.42,110538
110609,336.1291488,49.47640074,4.55,110609
110672,336.31921857,1.37739245,4.8,110672
110838,336.83280453,-64.96637927,4.51,110838
110882,336.96448769,4.6964107,4.78,110882
110960,337.20750231,-0.02006304,3.65,110960
110991,337.29269975,58.4151899,4.07,110991
110997,337.31730866,-43.49555433,3.97,110997
111022,337.38259473,47.70689488,4.34,111022
111043,337.4393561,-43.74922804,4.12,111043
111104,337.62192333,43.12338985,4.52,111104
111123,337.66172918,-10.67788619,4.82,111123
111169,337.82239898,50.28244976,3.76,111169
111188,337.87620651,-32.34602798,4.29,111188
111310,338.2500526,-61.982073,4.91,111310
111497,338.83887054,-0.11736123,4.04,111497
111674,339.34360749,51.54537399,4.64,111674
111841,339.81532883,39.05028301,4.89,111841
111944,340.12825981,44.27628068,4.5,111944
111954,340.16385653,-27.0436148,4.18,111954
112029,340.36531181,10.83139111,3.41,112029
112051,340.43920724,29.3076892,4.8,112051
112122,340.66639531,-46.88456594,2.07,112122
112158,340.75053573,30.22130866,2.93,112158
112203,340.87486957,-41.41411843,4.84,112203
112211,340.89688564,-18.83030716,4.68,112211
112374,341.4077169,-53.50016316,4.84,112374
112405,341.51551393,-81.38161731,4.13,112405
112440,341.63267663,23.56567939,3.97,112440
112447,341.67267295,12.17408381,4.2,112447
112519,341.87061429,83.15371558,4.77,112519
112623,342.13832136,-51.31670354,3.49,112623
112716,342.39795761,-13.59253756,4.05,112716
112724,342.42046735,66.20071089,3.5,112724
112748,342.5004181,24.60168486,3.51,112748
112917,343.00811365,43.31236494,4.95,112917
112948,343.13149128,-32.87545019,4.46,112948
112961,343.15360192,-7.57967878,3.73,112961
113116,343.60160144,84.34611856,4.7,113116
113136,343.6626635,-15.82075994,3.27,113136
113186,343.80676809,8.81609536,4.91,113186
113246,343.98705005,-32.53970196,4.2,113246
113288,344.10832784,49.73355094,4.99,113288
113368,344.41177323,-29.62183701,1.17,113368
113638,345.22030979,-52.75410562,4.11,113638
113726,345.48019377,42.32597866,3.62,113726
113881,345.94305575,28.08245462,2.44,113881
113889,345.9691938,3.82006998,4.48,113889
113919,346.04513231,50.05168397,4.64,113919
113963,346.1900702,15.20536786,2.49,113963
114104,346.65337433,59.41976474,4.84,114104
114119,346.67003033,-23.7431168,4.48,114119
114131,346.71986858,-43.52032436,4.28,114131
114144,346.75106602,9.40952259,4.54,114144
114155,346.77807997,25.46833959,4.76,114155
114222,346.97432546,75.3875815,4.41,114222
114341,347.36150879,-21.17248555,3.68,114341
114375,347.47865379,-22.45759248,4.71,114375
114421,347.58928308,-45.24664747,3.88,114421
114570,348.13717883,49.40597489,4.53,114570
114724,348.58055219,-6.0485268,4.22,114724
114855,348.97198728,-9.08769554,4.24,114855
114939,349.21229368,-7.72646619,4.93,114939
114971,349.28955677,3.28224524,3.7,114971
114996,349.35755018,-58.23592762,3.99,114996
115022,349.43590129,49.01528336,4.82,115022
115033,349.47584844,-9.1824899,4.41,115033
115088,349.6558621,68.11141807,4.75,115088
115102,349.70594501,-32.53183574,4.41,115102
115115,349.74021218,-9.610731,4.99,115115
115250,350.1592632,23.7403592,4.58,115250
115438,350.7429228,-20.10034505,3.96,115438
115590,351.20936267,62.28283877,4.96,115590
115623,351.3444225,23.40401243,4.42,115623
115669,351.51173897,-20.64186122,4.38,115669
115738,351.73293881,1.25583758,4.95,115738
115830,351.99236589,6.37909727,4.27,115830
115919,352.28858456,12.76049243,4.54,115919
115990,352.50799782,58.54890978,4.89,115990
116231,353.2424506,-37.81835895,4.38,116231
116247,353.31927128,-20.91452506,4.7,116247
116310,353.48813881,31.32532196,4.97,116310
116389,353.76887742,-42.61510105,4.69,116389
116584,354.3904487,46.45917621,3.81,116584
116602,354.46223051,-45.49232134,4.74,116602
116631,354.53407969,43.2680761,4.29,116631
116727,354.83742516,77.63196681,3.21,116727
116758,354.94598676,-14.22204281,4.97,116758
116771,354.98675133,5.62735374,4.13,116771
116805,355.10184089,44.33397776,4.15,116805
116901,355.44082263,-17.81653327,4.82,116901
116928,355.51200741,1.7804172,4.49,116928
116971,355.68035357,-14.54474243,4.49,116971
117073,355.99765846,29.36155278,4.93,117073
117221,356.50849555,46.42029095,4.97,117221
117245,356.59807048,3.48687164,4.95,117245
117301,356.76411116,58.65185164,4.88,117301
117452,357.23116631,-28.1300148,4.59,117452
117863,358.59598888,57.49939052,4.51,117863
118131,359.43979002,25.14147936,4.63,118131
118209,359.66837736,-3.55580738,4.88,118209
118243,359.75220729,55.75494069,4.88,118243
118268,359.82750994,6.86359373,4.03,118268
